{"stat.pickup.iceandfire.fire_dragon_flesh":2,"stat.leaveGame":5,"stat.pickup.overloaded.energy_core":4,"stat.pickup.wct.wct_creative":1,"stat.drop.avaritia.resource":227,"stat.swimOneCm":550,"stat.drop.industrialforegoing.black_hole_unit":1,"stat.pickup.minecraft.glass":64,"stat.pickup.minecraft.blaze_powder":8,"stat.mineBlock.gravestone.gravestone":1,"stat.pickup.appliedenergistics2.dense_energy_cell":64,"stat.pickup.extendedcrafting.table_ultimate":1,"stat.useItem.minecraft.stone_slab2":605,"stat.useItem.minecraft.mob_spawner":1,"stat.useItem.betterbuilderswands.wandunbreakable":74,"stat.useItem.minecraft.water_bucket":6,"stat.pickup.minecraft.rotten_flesh":2,"stat.useItem.mekanism.configurator":3,"stat.drop.mekanism.basicblock2":1,"stat.flyOneCm":699161,"stat.pickup.minecraft.soul_sand":52,"stat.pickup.avaritia.singularity":65,"stat.pickup.iceandfire.ash":69,"stat.pickup.overloaded.multi_boots":2,"stat.useItem.avaritiaddons.infinity_glass":10,"stat.drop.minecraft.chainmail_chestplate":1,"stat.mineBlock.openblocks.grave":1,"stat.useItem.mekanism.transmitter":5,"stat.timeSinceDeath":610160,"stat.pickup.integrateddynamics.on_the_dynamics_of_integration":1,"stat.pickup.overloaded.multi_helmet":2,"stat.drop.industrialforegoing.black_hole_tank":1,"stat.useItem.iceandfire.ash":104,"stat.drop.minecraft.blaze_powder":9,"stat.pickup.draconicevolution.chaos_shard":19,"stat.pickup.thermalfoundation.material":60,"stat.pickup.iceandfire.dragon_skull":1,"stat.pickup.minecraft.wooden_button":1,"stat.killEntity.Creeper":1,"stat.pickup.ae2wtlib.infinity_booster_card":56,"stat.pickup.extendedcrafting.table_elite":4,"stat.drop.minecraft.wooden_button":1,"stat.sprintOneCm":160988,"stat.pickup.extendedcrafting.table_advanced":1,"stat.pickup.extendedcrafting.material":265,"stat.pickup.actuallyadditions.item_crystal":64,"stat.pickup.fluxnetworks.fluxpoint":2,"stat.pickup.contenttweaker.ciraxe":1,"stat.useItem.extendedcrafting.ender_alternator":49,"stat.useItem.moreavaritia.balancedinfinitysword":2,"stat.pickup.fluxnetworks.fluxplug":2,"stat.useItem.enderio.block_dark_fused_glass":16,"stat.pickup.industrialforegoing.black_hole_tank":1,"stat.pickup.minecraft.lever":1,"stat.deaths":1,"stat.drop":57,"stat.playOneMinute":673915,"stat.pickup.extrautils2.suncrystal":1,"stat.pickup.minecraft.diamond_block":72,"stat.pickup.minecraft.iron_block":72,"stat.killEntity.Zombie":1,"stat.chestOpened":2,"stat.useItem.extendedcrafting.recipe_maker":31,"stat.pickup.extendedcrafting.recipe_maker":11,"stat.drop.minecraft.iron_pickaxe":2,"stat.useItem.storagedrawers.basicdrawers":1,"stat.useItem.openblocks.tank":2,"stat.jump":2047,"stat.fallOneCm":3461,"stat.pickup.mekanism.basicblock2":4483,"stat.pickup.avaritia.resource":219,"stat.pickup.appliedenergistics2.wireless_access_point":64,"stat.pickup.industrialforegoing.black_hole_unit":1,"stat.crouchOneCm":15656,"stat.pickup.wct.wct":1,"stat.pickup.minecraft.dirt":2,"stat.drop.contenttweaker.empty_powder":12,"stat.craftingTableInteraction":17,"stat.useItem.extendedcrafting.crafting_table":2,"stat.pickup.iceandfire.fire_dragon_heart":1,"stat.pickup.minecraft.snow":119,"stat.useItem.extendedcrafting.table_elite":1,"stat.useItem.chisel.marble1":4,"stat.useItem.chisel.marble2":9,"stat.pickup.minecraft.feather":1,"stat.damageTaken":80,"stat.pickup.iceandfire.dragonscales_red":34,"stat.mineBlock.avaritiatweaks.infinitato":1,"stat.useItem.avaritiaddons.avaritiaddons_chest":4,"stat.pickup.projecte.item.pe_transmutation_tablet":1,"stat.drop.integrateddynamics.on_the_dynamics_of_integration":1,"stat.useItem.extendedcrafting.lamp":1,"stat.useItem.immersiveengineering.metal_device0":3,"stat.damageDealt":3311,"stat.pickup.minecraft.ice":64,"stat.mineBlock.minecraft.dirt":1,"stat.useItem.minecraft.crafting_table":1,"stat.walkOneCm":222369,"stat.useItem.enderio.block_fused_glass":11,"stat.pickup.draconicadditions.chaotic_helm":1,"stat.pickup.avaritiatweaks.infinitato":1,"stat.pickup.overloaded.multi_leggings":2,"stat.useItem.extrautils2.supermobspawner":1,"stat.pickup.extendedcrafting.storage":16,"stat.drop.extrautils2.suncrystal":1,"stat.pickup.minecraft.iron_pickaxe":1,"stat.pickup.enderio.item_soul_vial":17,"stat.pickup.minecraft.stone":57,"stat.pickup.projecte.transmutation_table":1,"stat.useItem.overloaded.compressed_gravel":2,"stat.drop.iceandfire.ash":70,"stat.pickup.overloaded.multi_chestplate":2,"stat.mobKills":3,"stat.pickup.iceandfire.dragonbone":8,"stat.pickup.avaritia.block_resource":3,"stat.useItem.draconicevolution.creative_rf_source":8,"stat.pickup.minecraft.water_bucket":1,"stat.pickup.minecraft.diamond":1,"stat.pickup.avaritiaddons.avaritiaddons_chest":5,"stat.pickup.contenttweaker.empty_powder":12,"stat.sneakTime":5343,"stat.killEntity.firedragon":1,"stat.drop.minecraft.grass":1}