{"stat.pickup.iceandfire.fire_dragon_flesh":2,"stat.leaveGame":3,"stat.pickup.wct.wct_creative":1,"stat.swimOneCm":50,"stat.pickup.minecraft.glass":60,"stat.mineBlock.gravestone.gravestone":1,"stat.pickup.appliedenergistics2.dense_energy_cell":64,"stat.pickup.extendedcrafting.table_ultimate":1,"stat.useItem.minecraft.stone_slab2":291,"stat.useItem.minecraft.mob_spawner":1,"stat.useItem.betterbuilderswands.wandunbreakable":70,"stat.useItem.minecraft.water_bucket":1,"stat.pickup.minecraft.rotten_flesh":2,"stat.useItem.mekanism.configurator":3,"stat.flyOneCm":335200,"stat.pickup.minecraft.soul_sand":52,"stat.pickup.overloaded.multi_boots":1,"stat.useItem.avaritiaddons.infinity_glass":10,"stat.mineBlock.openblocks.grave":1,"stat.useItem.mekanism.transmitter":5,"stat.timeSinceDeath":255575,"stat.pickup.integrateddynamics.on_the_dynamics_of_integration":1,"stat.pickup.overloaded.multi_helmet":1,"stat.drop.minecraft.blaze_powder":1,"stat.pickup.thermalfoundation.material":60,"stat.pickup.iceandfire.dragon_skull":1,"stat.killEntity.Creeper":1,"stat.pickup.ae2wtlib.infinity_booster_card":56,"stat.pickup.extendedcrafting.table_elite":3,"stat.sprintOneCm":81075,"stat.pickup.extendedcrafting.table_advanced":1,"stat.pickup.extendedcrafting.material":168,"stat.pickup.actuallyadditions.item_crystal":60,"stat.pickup.fluxnetworks.fluxpoint":2,"stat.pickup.contenttweaker.ciraxe":1,"stat.useItem.moreavaritia.balancedinfinitysword":2,"stat.pickup.fluxnetworks.fluxplug":2,"stat.pickup.minecraft.lever":1,"stat.deaths":1,"stat.drop":18,"stat.playOneMinute":319330,"stat.pickup.minecraft.diamond_block":62,"stat.pickup.minecraft.iron_block":58,"stat.killEntity.Zombie":1,"stat.useItem.extendedcrafting.recipe_maker":12,"stat.pickup.extendedcrafting.recipe_maker":7,"stat.useItem.storagedrawers.basicdrawers":1,"stat.jump":992,"stat.fallOneCm":209,"stat.pickup.mekanism.basicblock2":4480,"stat.pickup.avaritia.resource":4,"stat.pickup.appliedenergistics2.wireless_access_point":64,"stat.crouchOneCm":7739,"stat.pickup.wct.wct":1,"stat.pickup.minecraft.dirt":1,"stat.drop.contenttweaker.empty_powder":7,"stat.craftingTableInteraction":16,"stat.useItem.extendedcrafting.crafting_table":2,"stat.pickup.iceandfire.fire_dragon_heart":1,"stat.pickup.minecraft.snow":119,"stat.useItem.extendedcrafting.table_elite":1,"stat.pickup.minecraft.feather":1,"stat.damageTaken":60,"stat.pickup.iceandfire.dragonscales_red":34,"stat.useItem.avaritiaddons.avaritiaddons_chest":4,"stat.drop.integrateddynamics.on_the_dynamics_of_integration":1,"stat.useItem.extendedcrafting.lamp":1,"stat.useItem.immersiveengineering.metal_device0":3,"stat.damageDealt":3311,"stat.pickup.minecraft.ice":64,"stat.mineBlock.minecraft.dirt":1,"stat.useItem.minecraft.crafting_table":1,"stat.walkOneCm":115114,"stat.pickup.overloaded.multi_leggings":1,"stat.useItem.extrautils2.supermobspawner":1,"stat.pickup.extendedcrafting.storage":12,"stat.pickup.enderio.item_soul_vial":17,"stat.useItem.overloaded.compressed_gravel":2,"stat.pickup.overloaded.multi_chestplate":1,"stat.mobKills":3,"stat.pickup.iceandfire.dragonbone":8,"stat.useItem.draconicevolution.creative_rf_source":8,"stat.pickup.minecraft.water_bucket":1,"stat.pickup.minecraft.diamond":1,"stat.pickup.avaritiaddons.avaritiaddons_chest":5,"stat.pickup.contenttweaker.empty_powder":64,"stat.sneakTime":2605,"stat.killEntity.firedragon":1,"stat.drop.minecraft.grass":1}