{"stat.pickup.iceandfire.fire_dragon_flesh":2,"stat.leaveGame":3,"stat.pickup.wct.wct_creative":1,"stat.swimOneCm":50,"stat.drop.industrialforegoing.black_hole_unit":1,"stat.pickup.minecraft.glass":64,"stat.mineBlock.gravestone.gravestone":1,"stat.pickup.appliedenergistics2.dense_energy_cell":64,"stat.pickup.extendedcrafting.table_ultimate":1,"stat.useItem.minecraft.stone_slab2":505,"stat.useItem.minecraft.mob_spawner":1,"stat.useItem.betterbuilderswands.wandunbreakable":70,"stat.useItem.minecraft.water_bucket":1,"stat.pickup.minecraft.rotten_flesh":2,"stat.useItem.mekanism.configurator":3,"stat.flyOneCm":430208,"stat.pickup.minecraft.soul_sand":52,"stat.pickup.overloaded.multi_boots":1,"stat.useItem.avaritiaddons.infinity_glass":10,"stat.mineBlock.openblocks.grave":1,"stat.useItem.mekanism.transmitter":5,"stat.timeSinceDeath":352940,"stat.pickup.integrateddynamics.on_the_dynamics_of_integration":1,"stat.pickup.overloaded.multi_helmet":1,"stat.drop.industrialforegoing.black_hole_tank":1,"stat.drop.minecraft.blaze_powder":1,"stat.pickup.thermalfoundation.material":60,"stat.pickup.iceandfire.dragon_skull":1,"stat.killEntity.Creeper":1,"stat.pickup.ae2wtlib.infinity_booster_card":56,"stat.pickup.extendedcrafting.table_elite":4,"stat.sprintOneCm":107041,"stat.pickup.extendedcrafting.table_advanced":1,"stat.pickup.extendedcrafting.material":180,"stat.pickup.actuallyadditions.item_crystal":64,"stat.pickup.fluxnetworks.fluxpoint":2,"stat.pickup.contenttweaker.ciraxe":1,"stat.useItem.moreavaritia.balancedinfinitysword":2,"stat.pickup.fluxnetworks.fluxplug":2,"stat.useItem.enderio.block_dark_fused_glass":16,"stat.pickup.industrialforegoing.black_hole_tank":1,"stat.pickup.minecraft.lever":1,"stat.deaths":1,"stat.drop":21,"stat.playOneMinute":416695,"stat.pickup.extrautils2.suncrystal":1,"stat.pickup.minecraft.diamond_block":64,"stat.pickup.minecraft.iron_block":64,"stat.killEntity.Zombie":1,"stat.useItem.extendedcrafting.recipe_maker":17,"stat.pickup.extendedcrafting.recipe_maker":8,"stat.useItem.storagedrawers.basicdrawers":1,"stat.useItem.openblocks.tank":2,"stat.jump":1295,"stat.fallOneCm":2365,"stat.pickup.mekanism.basicblock2":4480,"stat.pickup.avaritia.resource":4,"stat.pickup.appliedenergistics2.wireless_access_point":64,"stat.pickup.industrialforegoing.black_hole_unit":1,"stat.crouchOneCm":11711,"stat.pickup.wct.wct":1,"stat.pickup.minecraft.dirt":2,"stat.craftingTableInteraction":16,"stat.useItem.extendedcrafting.crafting_table":2,"stat.pickup.iceandfire.fire_dragon_heart":1,"stat.pickup.minecraft.snow":119,"stat.useItem.extendedcrafting.table_elite":1,"stat.useItem.chisel.marble1":4,"stat.useItem.chisel.marble2":9,"stat.pickup.minecraft.feather":1,"stat.damageTaken":80,"stat.pickup.iceandfire.dragonscales_red":34,"stat.useItem.avaritiaddons.avaritiaddons_chest":4,"stat.pickup.projecte.item.pe_transmutation_tablet":1,"stat.drop.integrateddynamics.on_the_dynamics_of_integration":1,"stat.useItem.extendedcrafting.lamp":1,"stat.useItem.immersiveengineering.metal_device0":3,"stat.damageDealt":3311,"stat.pickup.minecraft.ice":64,"stat.mineBlock.minecraft.dirt":1,"stat.useItem.minecraft.crafting_table":1,"stat.walkOneCm":152898,"stat.useItem.enderio.block_fused_glass":11,"stat.pickup.overloaded.multi_leggings":1,"stat.useItem.extrautils2.supermobspawner":1,"stat.pickup.extendedcrafting.storage":12,"stat.drop.extrautils2.suncrystal":1,"stat.pickup.enderio.item_soul_vial":17,"stat.pickup.minecraft.stone":57,"stat.pickup.projecte.transmutation_table":1,"stat.useItem.overloaded.compressed_gravel":2,"stat.pickup.overloaded.multi_chestplate":1,"stat.mobKills":3,"stat.pickup.iceandfire.dragonbone":8,"stat.useItem.draconicevolution.creative_rf_source":8,"stat.pickup.minecraft.water_bucket":1,"stat.pickup.minecraft.diamond":1,"stat.pickup.avaritiaddons.avaritiaddons_chest":5,"stat.sneakTime":4061,"stat.killEntity.firedragon":1,"stat.drop.minecraft.grass":1}