{"stat.useItem.extendedcrafting.recipe_maker":12,"stat.pickup.extendedcrafting.recipe_maker":5,"stat.leaveGame":2,"stat.pickup.wct.wct_creative":1,"stat.useItem.storagedrawers.basicdrawers":1,"stat.jump":761,"stat.fallOneCm":209,"stat.pickup.mekanism.basicblock2":4480,"stat.pickup.avaritia.resource":4,"stat.pickup.appliedenergistics2.wireless_access_point":64,"stat.crouchOneCm":6328,"stat.pickup.minecraft.glass":60,"stat.mineBlock.gravestone.gravestone":1,"stat.pickup.wct.wct":1,"stat.pickup.minecraft.dirt":1,"stat.pickup.appliedenergistics2.dense_energy_cell":64,"stat.pickup.extendedcrafting.table_ultimate":1,"stat.useItem.minecraft.stone_slab2":288,"stat.useItem.minecraft.mob_spawner":1,"stat.drop.contenttweaker.empty_powder":8,"stat.useItem.betterbuilderswands.wandunbreakable":70,"stat.useItem.minecraft.water_bucket":1,"stat.pickup.minecraft.snow":52,"stat.useItem.extendedcrafting.table_elite":1,"stat.pickup.minecraft.feather":1,"stat.damageTaken":60,"stat.useItem.mekanism.configurator":3,"stat.flyOneCm":242626,"stat.pickup.minecraft.soul_sand":52,"stat.useItem.avaritiaddons.avaritiaddons_chest":4,"stat.pickup.overloaded.multi_boots":1,"stat.drop.integrateddynamics.on_the_dynamics_of_integration":1,"stat.useItem.avaritiaddons.infinity_glass":2,"stat.useItem.extendedcrafting.lamp":1,"stat.useItem.immersiveengineering.metal_device0":3,"stat.damageDealt":3010,"stat.mineBlock.openblocks.grave":1,"stat.useItem.mekanism.transmitter":5,"stat.timeSinceDeath":188242,"stat.pickup.minecraft.ice":60,"stat.mineBlock.minecraft.dirt":1,"stat.pickup.integrateddynamics.on_the_dynamics_of_integration":1,"stat.pickup.overloaded.multi_helmet":1,"stat.walkOneCm":96449,"stat.drop.minecraft.blaze_powder":1,"stat.pickup.thermalfoundation.material":60,"stat.killEntity.Creeper":1,"stat.pickup.overloaded.multi_leggings":1,"stat.pickup.ae2wtlib.infinity_booster_card":56,"stat.useItem.extrautils2.supermobspawner":1,"stat.pickup.extendedcrafting.storage":12,"stat.pickup.extendedcrafting.table_elite":3,"stat.pickup.enderio.item_soul_vial":17,"stat.sprintOneCm":64583,"stat.pickup.extendedcrafting.table_advanced":1,"stat.pickup.extendedcrafting.material":168,"stat.pickup.actuallyadditions.item_crystal":60,"stat.pickup.fluxnetworks.fluxpoint":2,"stat.useItem.overloaded.compressed_gravel":2,"stat.useItem.moreavaritia.balancedinfinitysword":2,"stat.pickup.fluxnetworks.fluxplug":2,"stat.pickup.overloaded.multi_chestplate":1,"stat.mobKills":2,"stat.pickup.minecraft.lever":1,"stat.deaths":1,"stat.useItem.draconicevolution.creative_rf_source":8,"stat.drop":11,"stat.playOneMinute":251997,"stat.pickup.avaritiaddons.avaritiaddons_chest":5,"stat.pickup.contenttweaker.empty_powder":8,"stat.sneakTime":2184,"stat.pickup.minecraft.diamond_block":62,"stat.pickup.minecraft.iron_block":58,"stat.killEntity.firedragon":1,"stat.drop.minecraft.grass":1}